Symbol	Security	SEC filings	GICS Sector	GICS Sub Industry	Headquarters Location	Date first added	CIK	Founded	S&P-500	NASDAQ	DJI
A	Agilent Technologies Inc	reports	Health Care	Health Care Equipment	Santa Clara, California	05.06.00	1090872.0	1999	True	False	False
AAL	American Airlines Group	reports	Industrials	Airlines	Fort Worth, Texas	23.03.15	6201.0	1934	True	False	False
AAP	Advance Auto Parts	reports	Consumer Discretionary	Automotive Retail	Raleigh, North Carolina	09.07.15	1158449.0	1932	True	False	False
AAPL	Apple Inc.	reports	Information Technology	Technology Hardware, Storage & Peripherals	Cupertino, California	30.11.82	320193.0	1977	True	True	True
ABBV	AbbVie Inc.	reports	Health Care	Pharmaceuticals	North Chicago, Illinois	31.12.12	1551152.0	1888	True	False	False
ABC	AmerisourceBergen Corp	reports	Health Care	Health Care Distributors	Chesterbrook, Pennsylvania	30.08.01	1140859.0	1985	True	False	False
ABMD	ABIOMED Inc	reports	Health Care	Health Care Equipment	Danvers, Massachusetts	31.05.18	815094.0	1981	True	False	False
ABT	Abbott Laboratories	reports	Health Care	Health Care Equipment	North Chicago, Illinois	31.03.64	1800.0	1888	True	False	False
ACN	Accenture plc	reports	Information Technology	IT Consulting & Other Services	Dublin, Ireland	06.07.11	1467373.0	1989	True	False	False
ADBE	Adobe Inc.	reports	Information Technology	Application Software	San Jose, California	05.05.97	796343.0	1982	True	True	False
ADI	Analog Devices, Inc.	reports	Information Technology	Semiconductors	Norwood, Massachusetts	12.10.99	6281.0	1965	True	True	False
ADM	Archer-Daniels-Midland Co	reports	Consumer Staples	Agricultural Products	Chicago, Illinois	29.07.81	7084.0	1902	True	False	False
ADP	Automatic Data Processing	reports	Information Technology	Internet Services & Infrastructure	Roseland, New Jersey	31.03.81	8670.0	1949	True	True	False
ADSK	Autodesk Inc.	reports	Information Technology	Application Software	San Rafael, California	01.12.89	769397.0	1982	True	True	False
AEE	Ameren Corp	reports	Utilities	Multi-Utilities	St. Louis, Missouri	19.09.91	1002910.0	1902	True	False	False
AEP	American Electric Power	reports	Utilities	Electric Utilities	Columbus, Ohio	04.03.57	4904.0	1906	True	False	False
AES	AES Corp	reports	Utilities	Independent Power Producers & Energy Traders	Arlington, Virginia	02.10.98	874761.0	1981	True	False	False
AFL	AFLAC Inc	reports	Financials	Life & Health Insurance	Columbus, Georgia	28.05.99	4977.0	1955	True	False	False
AIG	American International Group	reports	Financials	Property & Casualty Insurance	New York, New York	31.03.80	5272.0	1919	True	False	False
AIV	Apartment Investment & Management	reports	Real Estate	Residential REITs	Denver, Colorado	14.03.03	922864.0	1975	True	False	False
AIZ	Assurant	reports	Financials	Multi-line Insurance	New York, New York	10.04.07	1267238.0	1892	True	False	False
AJG	Arthur J. Gallagher & Co.	reports	Financials	Insurance Brokers	Itasca, Illinois	31.05.16	354190.0	1927	True	False	False
AKAM	Akamai Technologies Inc	reports	Information Technology	Internet Services & Infrastructure	Cambridge, Massachusetts	12.07.07	1086222.0	1998	True	False	False
ALB	Albemarle Corp	reports	Materials	Specialty Chemicals	Charlotte, North Carolina	01.07.16	915913.0	1994	True	False	False
ALGN	Align Technology	reports	Health Care	Health Care Supplies	San Jose, California	19.06.17	1097149.0	1997	True	True	False
ALK	Alaska Air Group Inc	reports	Industrials	Airlines	Seattle, Washington	13.05.16	766421.0	1985	True	False	False
ALL	Allstate Corp	reports	Financials	Property & Casualty Insurance	Northfield Township, Illinois	13.07.95	899051.0	1931	True	False	False
ALLE	Allegion	reports	Industrials	Building Products	Dublin, Ireland	02.12.13	1579241.0	1908	True	False	False
ALXN	Alexion Pharmaceuticals	reports	Health Care	Biotechnology	Boston, Massachusetts	25.05.12	899866.0	1992	True	True	False
AMAT	Applied Materials Inc.	reports	Information Technology	Semiconductor Equipment	Santa Clara, California	16.03.95	6951.0	1967	True	True	False
AMCR	Amcor plc	reports	Materials	Paper Packaging	Warmley, Bristol, United Kingdom	07.06.19	1748790.0	1860	True	False	False
AMD	Advanced Micro Devices Inc	reports	Information Technology	Semiconductors	Santa Clara, California	20.03.17	2488.0	1969	True	True	False
AME	AMETEK Inc.	reports	Industrials	Electrical Components & Equipment	Berwyn, Pennsylvania	23.09.13	1037868.0	1930	True	False	False
AMGN	Amgen Inc.	reports	Health Care	Biotechnology	Thousand Oaks, California	02.01.92	318154.0	1980	True	True	False
AMP	Ameriprise Financial	reports	Financials	Asset Management & Custody Banks	Minneapolis, Minnesota	03.10.05	820027.0	1894	True	False	False
AMT	American Tower Corp.	reports	Real Estate	Specialized REITs	Boston, Massachusetts	19.11.07	1053507.0	1995	True	False	False
AMZN	Amazon.com Inc.	reports	Consumer Discretionary	Internet & Direct Marketing Retail	Seattle, Washington	18.11.05	1018724.0	1994	True	True	False
ANET	Arista Networks	reports	Information Technology	Communications Equipment	Santa Clara, California	28.08.18	1596532.0	2004	True	False	False
ANSS	ANSYS	reports	Information Technology	Application Software	Canonsburg, Pennsylvania	19.06.17	1013462.0	1969	True	True	False
ANTM	Anthem	reports	Health Care	Managed Health Care	Indianapolis, Indiana	25.07.02	1156039.0	1940	True	False	False
AON	Aon plc	reports	Financials	Insurance Brokers	London, United Kingdom	23.04.96	315293.0	1919	True	False	False
AOS	A.O. Smith Corp	reports	Industrials	Building Products	Milwaukee, Wisconsin	26.07.17	91142.0	1916	True	False	False
APA	Apache Corporation	reports	Energy	Oil & Gas Exploration & Production	Houston, Texas	28.07.97	6769.0	1954	True	False	False
APD	Air Products & Chemicals Inc	reports	Materials	Industrial Gases	Allentown, Pennsylvania	30.04.85	2969.0	1940	True	False	False
APH	Amphenol Corp	reports	Information Technology	Electronic Components	Wallingford, Connecticut	30.09.08	820313.0	1932	True	False	False
APTV	Aptiv PLC	reports	Consumer Discretionary	Auto Parts & Equipment	Dublin, Ireland	24.12.12	1521332.0	1994	True	False	False
ARE	Alexandria Real Estate Equities	reports	Real Estate	Office REITs	Pasadena, California	20.03.17	1035443.0	1994	True	False	False
ASML	ASML Holding								False	True	False
ATO	Atmos Energy	reports	Utilities	Gas Utilities	Dallas, Texas	15.02.19	731802.0	1906	True	False	False
ATVI	Activision Blizzard	reports	Communication Services	Interactive Home Entertainment	Santa Monica, California	31.08.15	718877.0	2008	True	True	False
AVB	AvalonBay Communities	reports	Real Estate	Residential REITs	Arlington, Virginia[3]	10.01.07	915912.0	1978	True	False	False
AVGO	Broadcom Inc.	reports	Information Technology	Semiconductors	San Jose, California	08.05.14	1730168.0	1961	True	True	False
AVY	Avery Dennison Corp	reports	Materials	Paper Packaging	Glendale, California	31.12.87	8818.0	1990	True	False	False
AWK	American Water Works Company Inc	reports	Utilities	Water Utilities	Camden, New Jersey	04.03.16	1410636.0	1886	True	False	False
AXP	American Express Co	reports	Financials	Consumer Finance	New York, New York	30.06.76	4962.0	1850	True	False	True
AZO	AutoZone Inc	reports	Consumer Discretionary	Specialty Stores	Memphis, Tennessee	02.01.97	866787.0	1979	True	False	False
BA	Boeing Company	reports	Industrials	Aerospace & Defense	Chicago, Illinois	04.03.57	12927.0	1916	True	False	True
BAC	Bank of America Corp	reports	Financials	Diversified Banks	Charlotte, North Carolina	30.06.76	70858.0	1874	True	False	False
BAX	Baxter International Inc.	reports	Health Care	Health Care Equipment	Deerfield, Illinois	30.09.72	10456.0	1931	True	False	False
BBY	Best Buy Co. Inc.	reports	Consumer Discretionary	Computer & Electronics Retail	Richfield, Minnesota	29.06.99	764478.0	1966	True	False	False
BDX	Becton Dickinson	reports	Health Care	Health Care Equipment	Franklin Lakes, New Jersey	30.09.72	10795.0	1897	True	False	False
BEN	Franklin Resources	reports	Financials	Asset Management & Custody Banks	San Mateo, California		38777.0	1947	True	False	False
BF.B	Brown-Forman Corp.	reports	Consumer Staples	Distillers & Vintners	Louisville, Kentucky	31.10.82	14693.0	1870	True	False	False
BIDU	Baidu								False	True	False
BIIB	Biogen Inc.	reports	Health Care	Biotechnology	Cambridge, Massachusetts	13.11.03	875045.0	1978	True	True	False
BIO	Bio-Rad Laboratories	reports	Health Care	Life Sciences Tools & Services	Hercules, California	22.06.20	12208.0	1952	True	False	False
BK	The Bank of New York Mellon	reports	Financials	Asset Management & Custody Banks	New York, New York	31.03.95	1390777.0	1784	True	False	False
BKNG	Booking Holdings Inc	reports	Consumer Discretionary	Internet & Direct Marketing Retail	Norwalk, Connecticut	06.11.09	1075531.0	1996	True	True	False
BKR	Baker Hughes Co	reports	Energy	Oil & Gas Equipment & Services	Houston, Texas	07.07.17	1701605.0	2017	True	False	False
BLK	BlackRock	reports	Financials	Asset Management & Custody Banks	New York, New York	04.04.11	1364742.0	1988	True	False	False
BLL	Ball Corp	reports	Materials	Metal & Glass Containers	Broomfield, Colorado	31.10.84	9389.0	1880	True	False	False
BMRN	BioMarin Pharmaceutical, Inc.								False	True	False
BMY	Bristol-Myers Squibb	reports	Health Care	Health Care Distributors	New York, New York	04.03.57	14272.0	1989	True	False	False
BR	Broadridge Financial Solutions	reports	Information Technology	Data Processing & Outsourced Services	Lake Success, New York	18.06.18	1383312.0	1962	True	False	False
BRK.B	Berkshire Hathaway	reports	Financials	Multi-Sector Holdings	Omaha, Nebraska	16.02.10	1067983.0	1839	True	False	False
BSX	Boston Scientific	reports	Health Care	Health Care Equipment	Marlborough, Massachusetts[4]	24.02.95	885725.0	1979	True	False	False
BWA	BorgWarner	reports	Consumer Discretionary	Auto Parts & Equipment	Auburn Hills, Michigan	19.12.11	908255.0	1880	True	False	False
BXP	Boston Properties	reports	Real Estate	Office REITs	Boston, Massachusetts	03.04.06	1037540.0	1970	True	False	False
C	Citigroup Inc.	reports	Financials	Diversified Banks	New York, New York	31.05.88	831001.0	1998	True	False	False
CAG	Conagra Brands	reports	Consumer Staples	Packaged Foods & Meats	Chicago, Illinois	31.08.83	23217.0	1919	True	False	False
CAH	Cardinal Health Inc.	reports	Health Care	Health Care Distributors	Dublin, Ohio	27.05.97	721371.0	1971	True	False	False
CARR	Carrier Global	reports	Industrials	Building Products	Palm Beach Gardens, Florida	03.04.20	1783180.0	1915	True	False	False
CAT	Caterpillar Inc.	reports	Industrials	Construction Machinery & Heavy Trucks	Deerfield, Illinois	04.03.57	18230.0	1925	True	False	True
CB	Chubb Limited	reports	Financials	Property & Casualty Insurance	Zurich, Switzerland	15.07.10	896159.0	1985	True	False	False
CBOE	Cboe Global Markets	reports	Financials	Financial Exchanges & Data	Chicago, Illinois	01.03.17	1374310.0	1973	True	False	False
CBRE	CBRE Group	reports	Real Estate	Real Estate Services	Los Angeles, California	10.11.06	1138118.0	1906	True	False	False
CCI	Crown Castle International Corp.	reports	Real Estate	Specialized REITs	Houston, Texas	14.03.12	1051470.0	1994	True	False	False
CCL	Carnival Corp.	reports	Consumer Discretionary	Hotels, Resorts & Cruise Lines	Miami, Florida	22.12.98	815097.0	1972	True	False	False
CDNS	Cadence Design Systems	reports	Information Technology	Application Software	San Jose, California	18.09.17	813672.0	1988	True	True	False
CDW	CDW	reports	Information Technology	Technology Distributors	Lincolnshire, Illinois	23.09.19	1402057.0	1984	True	True	False
CE	Celanese	reports	Materials	Specialty Chemicals	Irving, Texas	24.12.18	1306830.0	1918	True	False	False
CERN	Cerner	reports	Health Care	Health Care Technology	North Kansas City, Missouri	30.04.10	804753.0	1979	True	True	False
CF	CF Industries Holdings Inc	reports	Materials	Fertilizers & Agricultural Chemicals	Deerfield, Illinois	27.08.08	1324404.0	1946	True	False	False
CFG	Citizens Financial Group	reports	Financials	Regional Banks	Providence, Rhode Island	29.01.16	759944.0	1828	True	False	False
CHD	Church & Dwight	reports	Consumer Staples	Household Products	Ewing, New Jersey	29.12.15	313927.0	1847	True	False	False
CHKP	Check Point Software Technologies Ltd.								False	True	False
CHRW	C. H. Robinson Worldwide	reports	Industrials	Air Freight & Logistics	Eden Prairie, Minnesota	02.03.07	1043277.0	1905	True	False	False
CHTR	Charter Communications	reports	Communication Services	Cable & Satellite	Stamford, Connecticut	08.09.16	1091667.0	1993	True	True	False
CI	CIGNA Corp.	reports	Health Care	Managed Health Care	Bloomfield, Connecticut	30.06.76	701221.0	1982	True	False	False
CINF	Cincinnati Financial	reports	Financials	Property & Casualty Insurance	Fairfield, Ohio	18.12.97	20286.0	1950	True	False	False
CL	Colgate-Palmolive	reports	Consumer Staples	Household Products	New York, New York	04.03.57	21665.0	1806	True	False	False
CLX	The Clorox Company	reports	Consumer Staples	Household Products	Oakland, California	31.03.69	21076.0	1913	True	False	False
CMA	Comerica Inc.	reports	Financials	Diversified Banks	Dallas, Texas	01.12.95	28412.0	1849	True	False	False
CMCSA	Comcast Corp.	reports	Communication Services	Cable & Satellite	Philadelphia, Pennsylvania	18.09.15	1166691.0	1963	True	True	False
CME	CME Group Inc.	reports	Financials	Financial Exchanges & Data	Chicago, Illinois	11.08.06	1156375.0	1848	True	False	False
CMG	Chipotle Mexican Grill	reports	Consumer Discretionary	Restaurants	Newport Beach, California	28.04.11	1058090.0	1993	True	False	False
CMI	Cummins Inc.	reports	Industrials	Industrial Machinery	Columbus, Indiana	31.03.65	26172.0	1919	True	False	False
CMS	CMS Energy	reports	Utilities	Multi-Utilities	Jackson, Michigan	03.05.99	811156.0	1886	True	False	False
CNC	Centene Corporation	reports	Health Care	Managed Health Care	St. Louis, Missouri	30.03.16	1071739.0	1984	True	False	False
CNP	CenterPoint Energy	reports	Utilities	Multi-Utilities	Houston, Texas	31.07.85	1130310.0	1882	True	False	False
COF	Capital One Financial	reports	Financials	Consumer Finance	Tysons Corner, Virginia	01.07.98	927628.0	1935	True	False	False
COG	Cabot Oil & Gas	reports	Energy	Oil & Gas Exploration & Production	Houston, Texas	23.06.08	858470.0	1989	True	False	False
COO	The Cooper Companies	reports	Health Care	Health Care Supplies	San Ramon, California	23.09.16	711404.0	1958	True	False	False
COP	ConocoPhillips	reports	Energy	Oil & Gas Exploration & Production	Houston, Texas	04.03.57	1163165.0	2002	True	False	False
COST	Costco Wholesale Corp.	reports	Consumer Staples	Hypermarkets & Super Centers	Issaquah, Washington	01.10.93	909832.0	1976	True	True	False
COTY	Coty, Inc	reports	Consumer Staples	Personal Products	New York, New York	03.10.16	1024305.0	1904	True	False	False
CPB	Campbell Soup	reports	Consumer Staples	Packaged Foods & Meats	Camden, New Jersey	04.03.57	16732.0	1869	True	False	False
CPRT	Copart Inc	reports	Industrials	Diversified Support Services	Dallas, Texas	02.07.18	900075.0	1982	True	True	False
CRM	Salesforce.com	reports	Information Technology	Application Software	San Francisco, California	15.09.08	1108524.0	1999	True	False	False
CSCO	Cisco Systems	reports	Information Technology	Communications Equipment	San Jose, California	01.12.93	858877.0	1984	True	True	True
CSX	CSX Corp.	reports	Industrials	Railroads	Jacksonville, Florida	30.09.67	277948.0	1980	True	True	False
CTAS	Cintas Corporation	reports	Industrials	Diversified Support Services	Mason, Ohio	01.03.01	723254.0	1929	True	True	False
CTL	CenturyLink Inc	reports	Communication Services	Alternative Carriers	Monroe, Louisiana	25.03.99	18926.0	1877	True	False	False
CTSH	Cognizant Technology Solutions	reports	Information Technology	IT Consulting & Other Services	Teaneck, New Jersey	17.11.06	1058290.0	1994	True	True	False
CTVA	Corteva	reports	Materials	Fertilizers & Agricultural Chemicals	Wilmington, Delaware	03.06.19	1755672.0	2019	True	False	False
CTXS	Citrix Systems	reports	Information Technology	Application Software	Fort Lauderdale, Florida	01.12.99	877890.0	1989	True	True	False
CVS	CVS Health	reports	Health Care	Health Care Services	Woonsocket, Rhode Island	04.03.57	64803.0	1996	True	False	False
CVX	Chevron Corp.	reports	Energy	Integrated Oil & Gas	San Ramon, California	04.03.57	93410.0	1879	True	False	True
CXO	Concho Resources	reports	Energy	Oil & Gas Exploration & Production	Midland, Texas	22.02.16	1358071.0	2004	True	False	False
D	Dominion Energy	reports	Utilities	Electric Utilities	Richmond, Virginia		715957.0	1983	True	False	False
DAL	Delta Air Lines Inc.	reports	Industrials	Airlines	Atlanta, Georgia	11.09.13	27904.0	1929	True	False	False
DD	DuPont de Nemours Inc	reports	Materials	Specialty Chemicals	Midland, Michigan	02.04.19	1666700.0	2017	True	False	False
DE	Deere & Co.	reports	Industrials	Agricultural & Farm Machinery	Moline, Illinois	04.03.57	315189.0	1837	True	False	False
DFS	Discover Financial Services	reports	Financials	Consumer Finance	Riverwoods, Illinois	02.07.07	1393612.0	1985	True	False	False
DG	Dollar General	reports	Consumer Discretionary	General Merchandise Stores	Goodlettsville, Tennessee	03.12.12	29534.0	1939	True	False	False
DGX	Quest Diagnostics	reports	Health Care	Health Care Services	Secaucus, New Jersey	12.12.02	1022079.0	1967	True	False	False
DHI	D. R. Horton	reports	Consumer Discretionary	Homebuilding	Fort Worth, Texas	22.06.05	882184.0	1978	True	False	False
DHR	Danaher Corp.	reports	Health Care	Health Care Equipment	Washington, D.C.		313616.0	1969	True	False	False
DIS	The Walt Disney Company	reports	Communication Services	Movies & Entertainment	Burbank, California	30.06.76	1001039.0	1923	True	False	True
DISCA	Discovery, Inc. (Class A)	reports	Communication Services	Broadcasting	Silver Spring, Maryland	01.03.10	1437107.0	1985	True	False	False
DISCK	Discovery, Inc. (Class C)	reports	Communication Services	Broadcasting	Silver Spring, Maryland	07.08.14	1437107.0	1985	True	False	False
DISH	Dish Network	reports	Communication Services	Cable & Satellite	Meridian, Colorado	13.03.17	1001082.0	1980	True	False	False
DLR	Digital Realty Trust Inc	reports	Real Estate	Specialized REITs	San Francisco, California	18.05.16	1297996.0	2004	True	False	False
DLTR	Dollar Tree	reports	Consumer Discretionary	General Merchandise Stores	Chesapeake, Virginia	19.12.11	935703.0	1986	True	True	False
DOCU	DocuSign								False	True	False
DOV	Dover Corporation	reports	Industrials	Industrial Machinery	Downers Grove, Illinois	31.10.85	29905.0	1955	True	False	False
DOW	Dow Inc.	reports	Materials	Commodity Chemicals	Midland, Michigan	01.04.19	1751788.0	2019	True	False	True
DPZ	Domino's Pizza	reports	Consumer Discretionary	Restaurants	Ann Arbor, Michigan	12.05.20	1286681.0	1960	True	False	False
DRE	Duke Realty Corp	reports	Real Estate	Industrial REITs	Indianapolis, Indiana	26.07.17	783280.0	1972	True	False	False
DRI	Darden Restaurants	reports	Consumer Discretionary	Restaurants	Orlando, Florida		940944.0	1938	True	False	False
DTE	DTE Energy Co.	reports	Utilities	Multi-Utilities	Detroit, Michigan	04.03.57	936340.0	1995	True	False	False
DUK	Duke Energy	reports	Utilities	Electric Utilities	Charlotte, North Carolina	30.06.76	1326160.0	1904	True	False	False
DVA	DaVita Inc.	reports	Health Care	Health Care Facilities	Denver, Colorado	31.07.08	927066.0	1979	True	False	False
DVN	Devon Energy	reports	Energy	Oil & Gas Exploration & Production	Oklahoma City, Oklahoma	30.08.00	1090012.0	1971	True	False	False
DXC	DXC Technology	reports	Information Technology	IT Consulting & Other Services	Tysons Corner, Virginia	04.04.17	1688568.0	2017	True	False	False
DXCM	DexCom	reports	Health Care	Health Care Equipment	San Diego, California	12.05.20	1093557.0	1999	True	True	False
EA	Electronic Arts	reports	Communication Services	Interactive Home Entertainment	Redwood City, California	22.07.02	712515.0	1982	True	True	False
EBAY	eBay Inc.	reports	Consumer Discretionary	Internet & Direct Marketing Retail	San Jose, California		1065088.0	1995	True	True	False
ECL	Ecolab Inc.	reports	Materials	Specialty Chemicals	St. Paul, Minnesota	31.01.89	31462.0	1923	True	False	False
ED	Consolidated Edison	reports	Utilities	Electric Utilities	New York, New York		1047862.0	1823	True	False	False
EFX	Equifax Inc.	reports	Industrials	Research & Consulting Services	Atlanta, Georgia	19.06.97	33185.0	1899	True	False	False
EIX	Edison Int'l	reports	Utilities	Electric Utilities	Rosemead, California	04.03.57	827052.0	1886	True	False	False
EL	Est√©e Lauder Companies	reports	Consumer Staples	Personal Products	New York, New York	05.01.06	1001250.0	1946	True	False	False
EMN	Eastman Chemical	reports	Materials	Diversified Chemicals	Kingsport, Tennessee	01.01.94	915389.0	1920	True	False	False
EMR	Emerson Electric Company	reports	Industrials	Electrical Components & Equipment	Ferguson, Missouri	31.03.65	32604.0	1890	True	False	False
EOG	EOG Resources	reports	Energy	Oil & Gas Exploration & Production	Houston, Texas	02.11.00	821189.0	1999	True	False	False
EQIX	Equinix	reports	Real Estate	Specialized REITs	Redwood City, California	20.03.15	1101239.0	1998	True	False	False
EQR	Equity Residential	reports	Real Estate	Residential REITs	Chicago, Illinois	03.12.01	906107.0	1969	True	False	False
ES	Eversource Energy	reports	Utilities	Multi-Utilities	Springfield, Massachusetts		72741.0	1966	True	False	False
ESS	Essex Property Trust, Inc.	reports	Real Estate	Residential REITs	San Mateo, California	02.04.14	920522.0	1971	True	False	False
ETFC	E*Trade	reports	Financials	Investment Banking & Brokerage	New York, New York	31.03.04	1015780.0	1982	True	False	False
ETN	Eaton Corporation	reports	Industrials	Electrical Components & Equipment	Dublin, Ireland		1551182.0	1911	True	False	False
ETR	Entergy Corp.	reports	Utilities	Electric Utilities	New Orleans, Louisiana	04.03.57	65984.0	1913	True	False	False
EVRG	Evergy	reports	Utilities	Electric Utilities	Kansas City, Missouri	05.06.18	1711269.0	1909	True	False	False
EW	Edwards Lifesciences	reports	Health Care	Health Care Equipment	Irvine, California	01.04.11	1099800.0	1958	True	False	False
EXC	Exelon Corp.	reports	Utilities	Multi-Utilities	Chicago, Illinois	04.03.57	1109357.0	2000	True	True	False
EXPD	Expeditors	reports	Industrials	Air Freight & Logistics	Seattle, Washington	10.10.07	746515.0	1979	True	False	False
EXPE	Expedia Group	reports	Consumer Discretionary	Internet & Direct Marketing Retail	Seattle, Washington	02.10.07	1324424.0	1996	True	True	False
EXR	Extra Space Storage	reports	Real Estate	Specialized REITs	Salt Lake City, Utah	19.01.16	1289490.0	1977	True	False	False
F	Ford Motor Company	reports	Consumer Discretionary	Automobile Manufacturers	Dearborn, Michigan	04.03.57	37996.0	1903	True	False	False
FANG	Diamondback Energy	reports	Energy	Oil & Gas Exploration & Production	Midland, Texas	03.12.18	1539838.0	2007	True	False	False
FAST	Fastenal Co	reports	Industrials	Building Products	Winona, Minnesota	15.09.08	815556.0	1967	True	True	False
FB	Facebook, Inc.	reports	Communication Services	Interactive Media & Services	Menlo Park, California	23.12.13	1326801.0	2004	True	True	False
FBHS	Fortune Brands Home & Security	reports	Industrials	Building Products	Deerfield, Illinois	22.06.16	1519751.0	1969	True	False	False
FCX	Freeport-McMoRan Inc.	reports	Materials	Copper	Phoenix, Arizona		831259.0	1912	True	False	False
FDX	FedEx Corporation	reports	Industrials	Air Freight & Logistics	Memphis, Tennessee	31.12.80	1048911.0	1971	True	False	False
FE	FirstEnergy Corp	reports	Utilities	Electric Utilities	Akron, Ohio		1031296.0	1997	True	False	False
FFIV	F5 Networks	reports	Information Technology	Communications Equipment	Seattle, Washington	20.12.10	1048695.0	1996	True	False	False
FIS	Fidelity National Information Services	reports	Information Technology	Data Processing & Outsourced Services	Jacksonville, Florida	10.11.06	1136893.0	1968	True	False	False
FISV	Fiserv Inc	reports	Information Technology	Data Processing & Outsourced Services	Brookfield, Wisconsin	02.04.01	798354.0	1984	True	True	False
FITB	Fifth Third Bancorp	reports	Financials	Regional Banks	Cincinnati, Ohio		35527.0	1858	True	False	False
FLIR	FLIR Systems	reports	Information Technology	Electronic Equipment & Instruments	Wilsonville, Oregon	02.01.09	354908.0	1978	True	False	False
FLS	Flowserve Corporation	reports	Industrials	Industrial Machinery	Irving, Texas	02.10.08	30625.0	1997	True	False	False
FLT	FleetCor Technologies Inc	reports	Information Technology	Data Processing & Outsourced Services	Norcross, Georgia	20.06.18	1175454.0	2000	True	False	False
FMC	FMC Corporation	reports	Materials	Fertilizers & Agricultural Chemicals	Philadelphia, Pennsylvania	19.08.09	37785.0	1883	True	False	False
FOX	Fox Corporation (Class B)	reports	Communication Services	Movies & Entertainment	New York, New York	18.09.15	1308161.0		True	True	False
FOXA	Fox Corporation (Class A)	reports	Communication Services	Movies & Entertainment	New York, New York	01.07.13	1308161.0		True	True	False
FRC	First Republic Bank	reports	Financials	Regional Banks	San Francisco, California	02.01.19	1132979.0	1985	True	False	False
FRT	Federal Realty Investment Trust	reports	Real Estate	Retail REITs	Rockville, Maryland	01.02.16	34903.0	1962	True	False	False
FTI	TechnipFMC	reports	Energy	Oil & Gas Equipment & Services	London, United Kingdom	05.06.09	1681459.0	1958	True	False	False
FTNT	Fortinet	reports	Information Technology	Systems Software	Sunnyvale, California	11.10.18	1262039.0	2000	True	False	False
FTV	Fortive Corp	reports	Industrials	Industrial Machinery	Everett, Washington	01.07.16	1659166.0	2016	True	False	False
GD	General Dynamics	reports	Industrials	Aerospace & Defense	Falls Church, Virginia	04.03.57	40533.0	1899	True	False	False
GE	General Electric	reports	Industrials	Industrial Conglomerates	Boston, Massachusetts		40545.0	1892	True	False	False
GILD	Gilead Sciences	reports	Health Care	Biotechnology	Foster City, California	01.07.04	882095.0	1987	True	True	False
GIS	General Mills	reports	Consumer Staples	Packaged Foods & Meats	Golden Valley, Minnesota	31.03.69	40704.0	1856	True	False	False
GL	Globe Life Inc.	reports	Financials	Life & Health Insurance	McKinney, Texas	30.04.89	320335.0	1900	True	False	False
GLW	Corning Inc.	reports	Information Technology	Electronic Components	Corning, New York		24741.0	1851	True	False	False
GM	General Motors	reports	Consumer Discretionary	Automobile Manufacturers	Detroit, Michigan	06.06.13	1467858.0	1908	True	False	False
GOOG	Alphabet Inc. (Class C)	reports	Communication Services	Interactive Media & Services	Mountain View, California	03.04.06	1652044.0	1998	True	True	False
GOOGL	Alphabet Inc. (Class A)	reports	Communication Services	Interactive Media & Services	Mountain View, California	03.04.14	1652044.0	1998	True	True	False
GPC	Genuine Parts	reports	Consumer Discretionary	Specialty Stores	Atlanta, Georgia	31.12.73	40987.0	1925	True	False	False
GPN	Global Payments Inc.	reports	Information Technology	Data Processing & Outsourced Services	Atlanta, Georgia	25.04.16	1123360.0	2000	True	False	False
GPS	Gap Inc.	reports	Consumer Discretionary	Apparel Retail	San Francisco, California	31.08.86	39911.0	1969	True	False	False
GRMN	Garmin Ltd.	reports	Consumer Discretionary	Consumer Electronics	Schaffhausen, Switzerland	12.12.12	1121788.0	1989	True	False	False
GS	Goldman Sachs Group	reports	Financials	Investment Banking & Brokerage	New York, New York	22.07.02	886982.0	1869	True	False	True
GWW	Grainger (W.W.) Inc.	reports	Industrials	Industrial Machinery	Lake Forest, Illinois	30.06.81	277135.0	1927	True	False	False
HAL	Halliburton Co.	reports	Energy	Oil & Gas Equipment & Services	Houston, Texas	04.03.57	45012.0	1919	True	False	False
HAS	Hasbro Inc.	reports	Consumer Discretionary	Leisure Products	Pawtucket, Rhode Island	30.09.84	46080.0	1923	True	False	False
HBAN	Huntington Bancshares	reports	Financials	Regional Banks	Columbus, Ohio		49196.0	1866	True	False	False
HBI	Hanesbrands Inc	reports	Consumer Discretionary	Apparel, Accessories & Luxury Goods	Winston-Salem, North Carolina	20.03.15	1359841.0	2000	True	False	False
HCA	HCA Healthcare	reports	Health Care	Health Care Facilities	Nashville, Tennessee	27.01.15	860730.0	1968	True	False	False
HD	Home Depot	reports	Consumer Discretionary	Home Improvement Retail	Atlanta, Georgia	31.03.88	354950.0	1978	True	False	True
HES	Hess Corporation	reports	Energy	Integrated Oil & Gas	New York, New York	31.05.84	4447.0	1919	True	False	False
HFC	HollyFrontier Corp	reports	Energy	Oil & Gas Refining & Marketing	Dallas, Texas	18.06.18	48039.0	1947	True	False	False
HIG	Hartford Financial Svc.Gp.	reports	Financials	Property & Casualty Insurance	Hartford, Connecticut	04.03.57	874766.0	1810	True	False	False
HII	Huntington Ingalls Industries	reports	Industrials	Aerospace & Defense	Newport News, Virginia	03.01.18	1501585.0	2011	True	False	False
HLT	Hilton Worldwide Holdings Inc	reports	Consumer Discretionary	Hotels, Resorts & Cruise Lines	Tysons Corner, Virginia	19.06.17	1585689.0	1919	True	False	False
HOLX	Hologic	reports	Health Care	Health Care Equipment	Marlborough, Massachusetts	30.03.16	859737.0	1985	True	False	False
HON	Honeywell Int'l Inc.	reports	Industrials	Industrial Conglomerates	Morristown, New Jersey	31.03.64	773840.0	1906	True	False	False
HPE	Hewlett Packard Enterprise	reports	Information Technology	Technology Hardware, Storage & Peripherals	Palo Alto, California	02.11.15	1645590.0	2015	True	False	False
HPQ	HP Inc.	reports	Information Technology	Technology Hardware, Storage & Peripherals	Palo Alto, California	31.12.74	47217.0	2015	True	False	False
HRB	H&R Block	reports	Consumer Discretionary	Specialized Consumer Services	Kansas City, Missouri	30.11.86	12659.0	1955	True	False	False
HRL	Hormel Foods Corp.	reports	Consumer Staples	Packaged Foods & Meats	Austin, Minnesota	04.03.09	48465.0	1891	True	False	False
HSIC	Henry Schein	reports	Health Care	Health Care Distributors	Melville, New York	17.03.15	1000228.0	1932	True	False	False
HST	Host Hotels & Resorts	reports	Real Estate	Hotel & Resort REITs	Bethesda, Maryland	20.03.07	1070750.0	1993	True	False	False
HSY	The Hershey Company	reports	Consumer Staples	Packaged Foods & Meats	Hershey, Pennsylvania	04.03.57	47111.0	1894	True	False	False
HUM	Humana Inc.	reports	Health Care	Managed Health Care	Louisville, Kentucky		49071.0	1961	True	False	False
HWM	Howmet Aerospace	reports	Industrials	Aerospace & Defense	New York, New York	31.03.64	4281.0	2016	True	False	False
IBM	International Business Machines	reports	Information Technology	IT Consulting & Other Services	Armonk, New York	04.03.57	51143.0	1911	True	False	True
ICE	Intercontinental Exchange	reports	Financials	Financial Exchanges & Data	Atlanta, Georgia	26.09.07	1571949.0	2000	True	False	False
IDXX	IDEXX Laboratories	reports	Health Care	Health Care Equipment	Westbrook, Maine	05.01.17	874716.0	1983	True	True	False
IEX	IDEX Corporation	reports	Industrials	Industrial Machinery	Lake Forest, Illinois	09.08.19	832101.0	1988	True	False	False
IFF	International Flavors & Fragrances	reports	Materials	Specialty Chemicals	New York, New York	31.03.76	51253.0	1889	True	False	False
ILMN	Illumina Inc	reports	Health Care	Life Sciences Tools & Services	San Diego, California	19.11.15	1110803.0	1998	True	True	False
INCY	Incyte	reports	Health Care	Biotechnology	Wilmington, Delaware	28.02.17	879169.0	1991	True	True	False
INFO	IHS Markit Ltd.	reports	Industrials	Research & Consulting Services	London, United Kingdom	02.06.17	1598014.0	1959	True	False	False
INTC	Intel Corp.	reports	Information Technology	Semiconductors	Santa Clara, California	31.12.76	50863.0	1968	True	True	True
INTU	Intuit Inc.	reports	Information Technology	Application Software	Mountain View, California	05.12.00	896878.0	1983	True	True	False
IP	International Paper	reports	Materials	Paper Packaging	Memphis, Tennessee	04.03.57	51434.0	1898	True	False	False
IPG	Interpublic Group	reports	Communication Services	Advertising	New York, New York	01.10.92	51644.0	1930	True	False	False
IPGP	IPG Photonics Corp.	reports	Information Technology	Electronic Manufacturing Services	Oxford, Massachusetts	07.03.18	1111928.0	1990	True	False	False
IQV	IQVIA Holdings Inc.	reports	Health Care	Life Sciences Tools & Services	Durham, North Carolina	29.08.17	1478242.0	1982	True	False	False
IR	Ingersoll Rand	reports	Industrials	Industrial Machinery	Milwaukee, Wisconsin	03.03.20	1699150.0	1859	True	False	False
IRM	Iron Mountain Incorporated	reports	Real Estate	Specialized REITs	Boston, Massachusetts	06.01.09	1020569.0	1951	True	False	False
ISRG	Intuitive Surgical Inc.	reports	Health Care	Health Care Equipment	Sunnyvale, California	02.06.08	1035267.0	1995	True	True	False
IT	Gartner Inc	reports	Information Technology	IT Consulting & Other Services	Stamford, Connecticut	05.04.17	749251.0	1979	True	False	False
ITW	Illinois Tool Works	reports	Industrials	Industrial Machinery	Glenview, Illinois	28.02.86	49826.0	1912	True	False	False
IVZ	Invesco Ltd.	reports	Financials	Asset Management & Custody Banks	Atlanta, Georgia	21.08.08	914208.0	1935	True	False	False
J	Jacobs Engineering Group	reports	Industrials	Construction & Engineering	Dallas, Texas	26.10.07	52988.0	1947	True	False	False
JBHT	J. B. Hunt Transport Services	reports	Industrials	Trucking	Lowell, Arkansas	01.07.15	728535.0	1961	True	False	False
JCI	Johnson Controls International	reports	Industrials	Building Products	Cork, Ireland	27.08.10	833444.0	1885	True	False	False
JD	JD.com								False	True	False
JKHY	Jack Henry & Associates	reports	Information Technology	Data Processing & Outsourced Services	Monett, Missouri	13.11.18	779152.0	1976	True	False	False
JNJ	Johnson & Johnson	reports	Health Care	Pharmaceuticals	New Brunswick, New Jersey	30.06.73	200406.0	1886	True	False	True
JNPR	Juniper Networks	reports	Information Technology	Communications Equipment	Sunnyvale, California	02.06.06	1043604.0	1996	True	False	False
JPM	JPMorgan Chase & Co.	reports	Financials	Diversified Banks	New York, New York	30.06.75	19617.0	1871	True	False	True
K	Kellogg Co.	reports	Consumer Staples	Packaged Foods & Meats	Battle Creek, Michigan		55067.0	1906	True	False	False
KEY	KeyCorp	reports	Financials	Regional Banks	Cleveland, Ohio	01.03.94	91576.0	1825	True	False	False
KEYS	Keysight Technologies	reports	Information Technology	Electronic Equipment & Instruments	Santa Rosa, California	06.11.18	1601046.0	2014	True	False	False
KHC	Kraft Heinz Co	reports	Consumer Staples	Packaged Foods & Meats	Chicago, Illinois; Pittsburgh, Pennsylvania	06.07.15	1637459.0	1869	True	True	False
KIM	Kimco Realty	reports	Real Estate	Retail REITs	New Hyde Park, New York	04.04.06	879101.0		True	False	False
KLAC	KLA Corporation	reports	Information Technology	Semiconductor Equipment	Milpitas, California		319201.0	1975	True	True	False
KMB	Kimberly-Clark	reports	Consumer Staples	Household Products	Irving, Texas	04.03.57	55785.0	1872	True	False	False
KMI	Kinder Morgan	reports	Energy	Oil & Gas Storage & Transportation	Houston, Texas	25.05.12	1506307.0	1997	True	False	False
KMX	Carmax Inc	reports	Consumer Discretionary	Specialty Stores	Richmond, Virginia	28.06.10	1170010.0	1993	True	False	False
KO	Coca-Cola Company	reports	Consumer Staples	Soft Drinks	Atlanta, Georgia	04.03.57	21344.0	1886	True	False	True
KR	Kroger Co.	reports	Consumer Staples	Food Retail	Cincinnati, Ohio	04.03.57	56873.0	1883	True	False	False
KSS	Kohl's Corp.	reports	Consumer Discretionary	General Merchandise Stores	Menomonee Falls, Wisconsin		885639.0	1962	True	False	False
KSU	Kansas City Southern	reports	Industrials	Railroads	Kansas City, Missouri	24.05.13	54480.0	1887	True	False	False
L	Loews Corp.	reports	Financials	Multi-line Insurance	New York, New York		60086.0		True	False	False
LB	L Brands Inc.	reports	Consumer Discretionary	Apparel Retail	Columbus, Ohio	30.09.83	701985.0	1963	True	False	False
LBTYA	Liberty Global (Class A)								False	True	False
LBTYK	Liberty Global (Class C)								False	True	False
LDOS	Leidos Holdings	reports	Information Technology	IT Consulting & Other Services	Reston, Virginia	09.08.19	1336920.0	1969	True	False	False
LEG	Leggett & Platt	reports	Consumer Discretionary	Home Furnishings	Carthage, Missouri		58492.0	1883	True	False	False
LEN	Lennar Corp.	reports	Consumer Discretionary	Homebuilding	Miami, Florida	04.10.05	920760.0	1954	True	False	False
LH	Laboratory Corp. of America Holding	reports	Health Care	Health Care Services	Burlington, North Carolina	01.11.04	920148.0	1978	True	False	False
LHX	L3Harris Technologies	reports	Industrials	Aerospace & Defense	Melbourne, Florida		202058.0	1895	True	False	False
LIN	Linde plc	reports	Materials	Industrial Gases	Guildford, Surrey, United Kingdom	01.07.92	1707925.0	1879	True	False	False
LKQ	LKQ Corporation	reports	Consumer Discretionary	Distributors	Chicago, Illinois	23.05.16	1065696.0	1998	True	False	False
LLY	Lilly (Eli) & Co.	reports	Health Care	Pharmaceuticals	Indianapolis, Indiana	31.12.70	59478.0	1876	True	False	False
LMT	Lockheed Martin Corp.	reports	Industrials	Aerospace & Defense	Bethesda, Maryland	31.07.84	936468.0	1995	True	False	False
LNC	Lincoln National	reports	Financials	Multi-line Insurance	Radnor, Pennsylvania	30.06.76	59558.0	1905	True	False	False
LNT	Alliant Energy Corp	reports	Utilities	Electric Utilities	Madison, Wisconsin	01.07.16	352541.0	1917	True	False	False
LOW	Lowe's Cos.	reports	Consumer Discretionary	Home Improvement Retail	Mooresville, North Carolina	29.02.84	60667.0	1904	True	False	False
LRCX	Lam Research	reports	Information Technology	Semiconductor Equipment	Fremont, California	29.06.12	707549.0	1980	True	True	False
LULU	Lululemon Athletica								False	True	False
LUV	Southwest Airlines	reports	Industrials	Airlines	Dallas, Texas	01.07.94	92380.0	1967	True	False	False
LVS	Las Vegas Sands	reports	Consumer Discretionary	Casinos & Gaming	Las Vegas, Nevada	03.10.19	1300514.0	1988	True	False	False
LW	Lamb Weston Holdings Inc	reports	Consumer Staples	Packaged Foods & Meats	Eagle, Idaho	03.12.18	1679273.0	1950	True	False	False
LYB	LyondellBasell	reports	Materials	Specialty Chemicals	Rotterdam, Netherlands	05.09.12	1489393.0	2007	True	False	False
LYV	Live Nation Entertainment	reports	Communication Services	Movies & Entertainment	Beverly Hills, California	23.12.19	1335258.0	2010	True	False	False
MA	Mastercard Inc.	reports	Information Technology	Data Processing & Outsourced Services	Harrison, New York	18.07.08	1141391.0	1966	True	False	False
MAA	Mid-America Apartments	reports	Real Estate	Residential REITs	Memphis, Tennessee	02.12.16	912595.0	1977	True	False	False
MAR	Marriott Int'l.	reports	Consumer Discretionary	Hotels, Resorts & Cruise Lines	Bethesda, Maryland		1048286.0	1927	True	True	False
MAS	Masco Corp.	reports	Industrials	Building Products	Livonia, Michigan	30.06.81	62996.0	1929	True	False	False
MCD	McDonald's Corp.	reports	Consumer Discretionary	Restaurants	Chicago, Illinois	30.06.70	63908.0	1940	True	False	True
MCHP	Microchip Technology	reports	Information Technology	Semiconductors	Chandler, Arizona	07.09.07	827054.0	1989	True	True	False
MCK	McKesson Corp.	reports	Health Care	Health Care Distributors	Irving, Texas		927653.0	1833	True	False	False
MCO	Moody's Corp	reports	Financials	Financial Exchanges & Data	New York, New York		1059556.0	1909	True	False	False
MDLZ	Mondelez International	reports	Consumer Staples	Packaged Foods & Meats	Chicago, Illinois	02.10.12	1103982.0	2012	True	True	False
MDT	Medtronic plc	reports	Health Care	Health Care Equipment	Dublin, Ireland	31.10.86	1613103.0	1949	True	False	False
MELI	MercadoLibre								False	True	False
MET	MetLife Inc.	reports	Financials	Life & Health Insurance	New York, New York		1099219.0	1868	True	False	False
MGM	MGM Resorts International	reports	Consumer Discretionary	Casinos & Gaming	Paradise, Nevada	26.07.17	789570.0	1986	True	False	False
MHK	Mohawk Industries	reports	Consumer Discretionary	Home Furnishings	Calhoun, Georgia	23.12.13	851968.0	1878	True	False	False
MKC	McCormick & Co.	reports	Consumer Staples	Packaged Foods & Meats	Hunt Valley, Maryland		63754.0	1889	True	False	False
MKTX	MarketAxess	reports	Financials	Financial Exchanges & Data	New York, New York	01.07.19	1278021.0	2000	True	False	False
MLM	Martin Marietta Materials	reports	Materials	Construction Materials	Raleigh, North Carolina	02.07.14	916076.0	1993	True	False	False
MMC	Marsh & McLennan	reports	Financials	Insurance Brokers	New York, New York	31.08.87	62709.0	1905	True	False	False
MMM	3M Company	reports	Industrials	Industrial Conglomerates	St. Paul, Minnesota	09.08.76	66740.0	1902	True	False	True
MNST	Monster Beverage	reports	Consumer Staples	Soft Drinks	Corona, California	28.06.12	865752.0	1935	True	True	False
MO	Altria Group Inc	reports	Consumer Staples	Tobacco	Richmond, Virginia	04.03.57	764180.0	1985	True	False	False
MOS	The Mosaic Company	reports	Materials	Fertilizers & Agricultural Chemicals	Tampa, Florida	26.09.11	1285785.0	1865	True	False	False
MPC	Marathon Petroleum	reports	Energy	Oil & Gas Refining & Marketing	Findlay, Ohio	01.07.11	1510295.0	1887	True	False	False
MRK	Merck & Co.	reports	Health Care	Pharmaceuticals	Kenilworth, New Jersey	04.03.57	310158.0	1891	True	False	True
MRNA	Moderna								False	True	False
MRO	Marathon Oil Corp.	reports	Energy	Oil & Gas Exploration & Production	Houston, Texas	01.05.91	101778.0	1887	True	False	False
MS	Morgan Stanley	reports	Financials	Investment Banking & Brokerage	New York, New York		895421.0	1935	True	False	False
MSCI	MSCI Inc	reports	Financials	Financial Exchanges & Data	New York, New York	04.04.18	1408198.0	1969	True	False	False
MSFT	Microsoft Corp.	reports	Information Technology	Systems Software	Redmond, Washington	01.06.94	789019.0	1975	True	True	True
MSI	Motorola Solutions Inc.	reports	Information Technology	Communications Equipment	Chicago, Illinois		68505.0	1928	True	False	False
MTB	M&T Bank Corp.	reports	Financials	Regional Banks	Buffalo, New York	23.02.04	36270.0	1856	True	False	False
MTD	Mettler Toledo	reports	Health Care	Life Sciences Tools & Services	Columbus, Ohio	06.09.16	1037646.0	1945	True	False	False
MU	Micron Technology	reports	Information Technology	Semiconductors	Boise, Idaho	27.09.94	723125.0	1978	True	True	False
MXIM	Maxim Integrated Products Inc	reports	Information Technology	Semiconductors	San Jose, California	03.12.18	743316.0	1983	True	True	False
MYL	Mylan N.V.	reports	Health Care	Pharmaceuticals	Amsterdam, Netherlands	23.04.04	1623613.0	1961	True	False	False
NBL	Noble Energy	reports	Energy	Oil & Gas Exploration & Production	Houston, Texas	08.10.07	72207.0	1932	True	False	False
NCLH	Norwegian Cruise Line Holdings	reports	Consumer Discretionary	Hotels, Resorts & Cruise Lines	Miami, Florida	13.10.17	1513761.0	1966	True	False	False
NDAQ	Nasdaq, Inc.	reports	Financials	Financial Exchanges & Data	New York, New York	22.10.08	1120193.0		True	False	False
NEE	NextEra Energy	reports	Utilities	Multi-Utilities	Juno Beach, Florida	30.06.76	753308.0	1925	True	False	False
NEM	Newmont Corporation	reports	Materials	Gold	Denver, Colorado	30.06.69	1164727.0	1921	True	False	False
NFLX	Netflix Inc.	reports	Communication Services	Movies & Entertainment	Los Gatos, California	20.12.10	1065280.0	1997	True	True	False
NI	NiSource Inc.	reports	Utilities	Multi-Utilities	Merrillville, Indiana		1111711.0	1912	True	False	False
NKE	Nike, Inc.	reports	Consumer Discretionary	Apparel, Accessories & Luxury Goods	Washington County, Oregon	30.11.88	320187.0	1964	True	False	True
NLOK	NortonLifeLock	reports	Information Technology	Application Software	Tempe, Arizona	25.03.03	849399.0	1982	True	False	False
NLSN	Nielsen Holdings	reports	Industrials	Research & Consulting Services	New York, New York	09.07.13	1492633.0	1923	True	False	False
NOC	Northrop Grumman	reports	Industrials	Aerospace & Defense	West Falls Church, Virginia	30.06.85	1133421.0	1939	True	False	False
NOV	National Oilwell Varco Inc.	reports	Energy	Oil & Gas Equipment & Services	Houston, Texas	14.03.05	1021860.0	1841	True	False	False
NOW	ServiceNow	reports	Information Technology	Systems Software	Santa Clara, California	21.11.19	1373715.0	2003	True	False	False
NRG	NRG Energy	reports	Utilities	Independent Power Producers & Energy Traders	Princeton, New Jersey	29.01.10	1013871.0	1992	True	False	False
NSC	Norfolk Southern Corp.	reports	Industrials	Railroads	Norfolk, Virginia	04.03.57	702165.0	1881	True	False	False
NTAP	NetApp	reports	Information Technology	Technology Hardware, Storage & Peripherals	Sunnyvale, California	25.06.99	1002047.0	1992	True	True	False
NTES	NetEase, Inc.								False	True	False
NTRS	Northern Trust Corp.	reports	Financials	Asset Management & Custody Banks	Chicago, Illinois		73124.0	1889	True	False	False
NUE	Nucor Corp.	reports	Materials	Steel	Charlotte, North Carolina	30.04.85	73309.0	1940	True	False	False
NVDA	Nvidia Corporation	reports	Information Technology	Semiconductors	Santa Clara, California	30.11.01	1045810.0	1993	True	True	False
NVR	NVR, Inc.	reports	Consumer Discretionary	Homebuilding	Reston, Virginia	26.09.19	906163.0	1980	True	False	False
NWL	Newell Brands	reports	Consumer Discretionary	Housewares & Specialties	Atlanta, Georgia	30.04.89	814453.0	1903	True	False	False
NWS	News Corp. Class B	reports	Communication Services	Publishing	New York, New York	18.09.15	1564708.0	1980	True	False	False
NWSA	News Corp. Class A	reports	Communication Services	Publishing	New York, New York	01.08.13	1564708.0	1980	True	False	False
NXPI	NXP Semiconductors N.V.								False	True	False
O	Realty Income Corporation	reports	Real Estate	Retail REITs	San Diego, California	07.04.15	726728.0	1969	True	False	False
ODFL	Old Dominion Freight Line	reports	Industrials	Trucking	Thomasville, North Carolina	09.12.19	878927.0	1934	True	False	False
OKE	ONEOK	reports	Energy	Oil & Gas Storage & Transportation	Tulsa, Oklahoma	15.03.10	1039684.0	1906	True	False	False
OMC	Omnicom Group	reports	Communication Services	Advertising	New York, New York		29989.0	1986	True	False	False
ORCL	Oracle Corp.	reports	Information Technology	Application Software	Redwood Shores, California	31.08.89	1341439.0	1977	True	False	False
ORLY	O'Reilly Automotive	reports	Consumer Discretionary	Specialty Stores	Springfield, Missouri	27.03.09	898173.0	1957	True	True	False
OTIS	Otis Worldwide	reports	Industrials	Industrial Machinery	Farmington, Connecticut	03.04.20	1781335.0	1853	True	False	False
OXY	Occidental Petroleum	reports	Energy	Oil & Gas Exploration & Production	Houston, Texas	31.12.82	797468.0	1920	True	False	False
PAYC	Paycom	reports	Information Technology	Application Software	Oklahoma City, Oklahoma	28.01.20	1590955.0	1998	True	False	False
PAYX	Paychex Inc.	reports	Information Technology	Data Processing & Outsourced Services	Penfield, New York		723531.0	1971	True	True	False
PBCT	People's United Financial	reports	Financials	Thrifts & Mortgage Finance	Bridgeport, Connecticut	13.11.08	1378946.0	1842	True	False	False
PCAR	PACCAR Inc.	reports	Industrials	Construction Machinery & Heavy Trucks	Bellevue, Washington	31.12.80	75362.0	1905	True	True	False
PEAK	Healthpeak Properties	reports	Real Estate	Health Care REITs	Long Beach, California	31.03.08	765880.0	1985	True	False	False
PEG	Public Service Enterprise Group (PSEG)	reports	Utilities	Electric Utilities	Newark, New Jersey	04.03.57	788784.0	1903	True	False	False
PEP	PepsiCo Inc.	reports	Consumer Staples	Soft Drinks	Purchase, New York	04.03.57	77476.0	1898	True	True	False
PFE	Pfizer Inc.	reports	Health Care	Pharmaceuticals	New York, New York	04.03.57	78003.0	1849	True	False	True
PFG	Principal Financial Group	reports	Financials	Life & Health Insurance	Des Moines, Iowa	22.07.02	1126328.0	1879	True	False	False
PG	Procter & Gamble	reports	Consumer Staples	Personal Products	Cincinnati, Ohio	04.03.57	80424.0	1837	True	False	True
PGR	Progressive Corp.	reports	Financials	Property & Casualty Insurance	Mayfield Village, Ohio	04.08.97	80661.0	1937	True	False	False
PH	Parker-Hannifin	reports	Industrials	Industrial Machinery	Cleveland, Ohio	30.11.85	76334.0	1917	True	False	False
PHM	PulteGroup	reports	Consumer Discretionary	Homebuilding	Atlanta, Georgia	30.04.84	822416.0	1956	True	False	False
PKG	Packaging Corporation of America	reports	Materials	Paper Packaging	Lake Forest, Illinois	26.07.17	75677.0	1959	True	False	False
PKI	PerkinElmer	reports	Health Care	Health Care Equipment	Waltham, Massachusetts	31.05.85	31791.0	1937	True	False	False
PLD	Prologis	reports	Real Estate	Industrial REITs	San Francisco, California	17.07.03	1045609.0	1983	True	False	False
PM	Philip Morris International	reports	Consumer Staples	Tobacco	New York, New York	31.03.08	1413329.0	1847	True	False	False
PNC	PNC Financial Services	reports	Financials	Regional Banks	Pittsburgh, Pennsylvania	30.04.88	713676.0	1845	True	False	False
PNR	Pentair plc	reports	Industrials	Industrial Machinery	Worsley, UK	01.10.12	77360.0	1966	True	False	False
PNW	Pinnacle West Capital	reports	Utilities	Multi-Utilities	Phoenix, Arizona		764622.0	1985	True	False	False
PPG	PPG Industries	reports	Materials	Specialty Chemicals	Pittsburgh, Pennsylvania	04.03.57	79879.0	1883	True	False	False
PPL	PPL Corp.	reports	Utilities	Electric Utilities	Allentown, Pennsylvania		922224.0	1920	True	False	False
PRGO	Perrigo	reports	Health Care	Pharmaceuticals	Dublin, Ireland	19.12.11	1585364.0	1887	True	False	False
PRU	Prudential Financial	reports	Financials	Life & Health Insurance	Newark, New Jersey	22.07.02	1137774.0	1875	True	False	False
PSA	Public Storage	reports	Real Estate	Specialized REITs	Glendale, California	19.08.05	1393311.0	1972	True	False	False
PSX	Phillips 66	reports	Energy	Oil & Gas Refining & Marketing	Houston, Texas	01.05.12	1534701.0	1917	True	False	False
PVH	PVH Corp.	reports	Consumer Discretionary	Apparel, Accessories & Luxury Goods	New York, New York	15.02.13	78239.0	1881	True	False	False
PWR	Quanta Services Inc.	reports	Industrials	Construction & Engineering	Houston, Texas	01.07.09	1050915.0	1997	True	False	False
PXD	Pioneer Natural Resources	reports	Energy	Oil & Gas Exploration & Production	Irving, Texas	24.09.08	1038357.0	1997	True	False	False
PYPL	PayPal	reports	Information Technology	Data Processing & Outsourced Services	San Jose, California	20.07.15	1633917.0	1998	True	True	False
QCOM	QUALCOMM Inc.	reports	Information Technology	Semiconductors	San Diego, California		804328.0	1985	True	True	False
QRVO	Qorvo	reports	Information Technology	Semiconductors	Greensboro, North Carolina	11.06.15	1604778.0	2015	True	False	False
RCL	Royal Caribbean Group	reports	Consumer Discretionary	Hotels, Resorts & Cruise Lines	Miami, Florida	05.12.14	884887.0	1997	True	False	False
RE	Everest Re Group Ltd.	reports	Financials	Reinsurance	Hamilton, Bermuda	19.06.17	1095073.0	1973	True	False	False
REG	Regency Centers Corporation	reports	Real Estate	Retail REITs	Jacksonville, Florida	02.03.17	910606.0	1963	True	False	False
REGN	Regeneron Pharmaceuticals	reports	Health Care	Biotechnology	Tarrytown, New York	01.05.13	872589.0	1988	True	True	False
RF	Regions Financial Corp.	reports	Financials	Regional Banks	Birmingham, Alabama	28.08.98	1281761.0	1971	True	False	False
RHI	Robert Half International	reports	Industrials	Human Resource & Employment Services	Menlo Park, California	05.12.00	315213.0	1948	True	False	False
RJF	Raymond James Financial Inc.	reports	Financials	Investment Banking & Brokerage	St. Petersburg, Florida	20.03.17	720005.0	1962	True	False	False
RL	Ralph Lauren Corporation	reports	Consumer Discretionary	Apparel, Accessories & Luxury Goods	New York, New York	02.02.07	1037038.0	1967	True	False	False
RMD	ResMed	reports	Health Care	Health Care Equipment	San Diego, California	26.07.17	943819.0	1989	True	False	False
ROK	Rockwell Automation Inc.	reports	Industrials	Electrical Components & Equipment	Milwaukee, Wisconsin		1024478.0	1903	True	False	False
ROL	Rollins Inc.	reports	Industrials	Environmental & Facilities Services	Atlanta, Georgia	01.10.18	84839.0	1948	True	False	False
ROP	Roper Technologies	reports	Industrials	Industrial Conglomerates	Sarasota, Florida	23.12.09	882835.0		True	False	False
ROST	Ross Stores	reports	Consumer Discretionary	Apparel Retail	Dublin, California	21.12.09	745732.0	1982	True	True	False
RSG	Republic Services Inc	reports	Industrials	Environmental & Facilities Services	Phoenix, Arizona	05.12.08	1060391.0	1981	True	False	False
RTX	Raytheon Technologies	reports	Industrials	Aerospace & Defense	Waltham, Massachusetts		101829.0	1922	True	False	True
SBAC	SBA Communications	reports	Real Estate	Specialized REITs	Boca Raton, Florida	01.09.17	1034054.0		True	False	False
SBUX	Starbucks Corp.	reports	Consumer Discretionary	Restaurants	Seattle, Washington		829224.0	1971	True	True	False
SCHW	Charles Schwab Corporation	reports	Financials	Investment Banking & Brokerage	San Francisco, California	02.06.97	316709.0	1971	True	False	False
SEE	Sealed Air	reports	Materials	Paper Packaging	Charlotte, North Carolina	04.03.57	1012100.0	1960	True	False	False
SGEN	Seattle Genetics								False	True	False
SHW	Sherwin-Williams	reports	Materials	Specialty Chemicals	Cleveland, Ohio	30.06.64	89800.0	1866	True	False	False
SIRI	Sirius XM Radio, Inc.								False	True	False
SIVB	SVB Financial	reports	Financials	Regional Banks	Santa Clara, California	19.03.18	719739.0	1983	True	False	False
SJM	JM Smucker	reports	Consumer Staples	Packaged Foods & Meats	Orrville, Ohio	06.11.08	91419.0	1897	True	False	False
SLB	Schlumberger Ltd.	reports	Energy	Oil & Gas Equipment & Services	Cura√ßao, Kingdom of the Netherlands	31.03.65	87347.0	1926	True	False	False
SLG	SL Green Realty	reports	Real Estate	Office REITs	New York, New York	20.03.15	1040971.0	1997	True	False	False
SNA	Snap-on	reports	Industrials	Industrial Machinery	Kenosha, Wisconsin	30.09.82	91440.0	1920	True	False	False
SNPS	Synopsys Inc.	reports	Information Technology	Application Software	Mountain View, California	16.03.17	883241.0	1986	True	True	False
SO	Southern Company	reports	Utilities	Electric Utilities	Atlanta, Georgia	04.03.57	92122.0	1945	True	False	False
SPG	Simon Property Group Inc	reports	Real Estate	Retail REITs	Indianapolis, Indiana	26.06.02	1063761.0	2003	True	False	False
SPGI	S&P Global, Inc.	reports	Financials	Financial Exchanges & Data	New York, New York		64040.0	1917	True	False	False
SPLK	Splunk								False	True	False
SRE	Sempra Energy	reports	Utilities	Multi-Utilities	San Diego, California		1032208.0	1998	True	False	False
STE	STERIS plc	reports	Health Care	Health Care Equipment	Dublin, Ireland	23.12.19	1757898.0	1985	True	False	False
STT	State Street Corp.	reports	Financials	Asset Management & Custody Banks	Boston, Massachusetts		93751.0	1792	True	False	False
STX	Seagate Technology	reports	Information Technology	Technology Hardware, Storage & Peripherals	Dublin, Ireland	02.07.12	1137789.0	1979	True	False	False
STZ	Constellation Brands	reports	Consumer Staples	Distillers & Vintners	Victor, New York	01.07.05	16918.0	1945	True	False	False
SWK	Stanley Black & Decker	reports	Industrials	Industrial Machinery	New Britain, Connecticut	30.09.82	93556.0	1843	True	False	False
SWKS	Skyworks Solutions	reports	Information Technology	Semiconductors	Woburn, Massachusetts	12.03.15	4127.0	2002	True	True	False
SYF	Synchrony Financial	reports	Financials	Consumer Finance	Stamford, Connecticut	18.11.15	1601712.0	2003	True	False	False
SYK	Stryker Corp.	reports	Health Care	Health Care Equipment	Kalamazoo, Michigan	12.12.00	310764.0	1941	True	False	False
SYY	Sysco Corp.	reports	Consumer Staples	Food Distributors	Houston, Texas	31.12.86	96021.0	1969	True	False	False
T	AT&T Inc.	reports	Communication Services	Integrated Telecommunication Services	Dallas, Texas	1983-11-30 (1957-03-04)	732717.0	1885	True	False	False
TAP	Molson Coors Beverage Company	reports	Consumer Staples	Brewers	Denver, Colorado	30.06.76	24545.0	2005	True	False	False
TCOM	Trip.com Group								False	True	False
TDG	TransDigm Group	reports	Industrials	Aerospace & Defense	Cleveland, Ohio	03.06.16	1260221.0	1993	True	False	False
TDY	Teledyne Technologies	reports	Industrials	Aerospace & Defense	Thousand Oaks, California	22.06.20	1094285.0	1960	True	False	False
TEL	TE Connectivity Ltd.	reports	Information Technology	Electronic Manufacturing Services	Schaffhausen, Switzerland	17.10.11	1385157.0	2007	True	False	False
TFC	Truist Financial	reports	Financials	Regional Banks	Charlotte, North Carolina	04.12.97	92230.0	1872	True	False	False
TFX	Teleflex	reports	Health Care	Health Care Equipment	Wayne, Pennsylvania	18.01.19	96943.0	1943	True	False	False
TGT	Target Corp.	reports	Consumer Discretionary	General Merchandise Stores	Minneapolis, Minnesota	31.12.76	27419.0	1902	True	False	False
TIF	Tiffany & Co.	reports	Consumer Discretionary	Apparel, Accessories & Luxury Goods	New York, New York	21.06.00	98246.0	1837	True	False	False
TJX	TJX Companies Inc.	reports	Consumer Discretionary	Apparel Retail	Framingham, Massachusetts	30.09.85	109198.0	1987	True	False	False
TMO	Thermo Fisher Scientific	reports	Health Care	Life Sciences Tools & Services	Waltham, Massachusetts		97745.0	1902	True	False	False
TMUS	T-Mobile US	reports	Communication Services	Wireless Telecommunication Services	Bellevue, Washington	15.07.19	1283699.0	1994	True	True	False
TPR	Tapestry, Inc.	reports	Consumer Discretionary	Apparel, Accessories & Luxury Goods	New York, New York		1116132.0	2017	True	False	False
TROW	T. Rowe Price Group	reports	Financials	Asset Management & Custody Banks	Baltimore, Maryland		1113169.0	1937	True	False	False
TRV	The Travelers Companies Inc.	reports	Financials	Property & Casualty Insurance	New York, New York	21.08.02	86312.0	1853	True	False	True
TSCO	Tractor Supply Company	reports	Consumer Discretionary	Specialty Stores	Brentwood, Tennessee	24.01.14	916365.0	1938	True	False	False
TSLA	Tesla, Inc.								False	True	False
TSN	Tyson Foods	reports	Consumer Staples	Packaged Foods & Meats	Springdale, Arkansas		100493.0	1935	True	False	False
TT	Trane Technologies plc	reports	Industrials	Building Products	Dublin, Ireland	17.11.10	1466258.0	1871	True	False	False
TTWO	Take-Two Interactive	reports	Communication Services	Interactive Home Entertainment	New York, New York	19.03.18	946581.0	1993	True	True	False
TWTR	Twitter, Inc.	reports	Communication Services	Interactive Media & Services	San Francisco, California	07.06.18	1418091.0	2006	True	False	False
TXN	Texas Instruments	reports	Information Technology	Semiconductors	Dallas, Texas		97476.0	1930	True	True	False
TXT	Textron Inc.	reports	Industrials	Aerospace & Defense	Providence, Rhode Island	31.12.78	217346.0	1923	True	False	False
TYL	Tyler Technologies	reports	Information Technology	Application Software	Plano, Texas	22.06.20	860731.0	1966	True	False	False
UA	Under Armour (Class C)	reports	Consumer Discretionary	Apparel, Accessories & Luxury Goods	Baltimore, Maryland	08.04.16	1336917.0	1996	True	False	False
UAA	Under Armour (Class A)	reports	Consumer Discretionary	Apparel, Accessories & Luxury Goods	Baltimore, Maryland	01.05.14	1336917.0	1996	True	False	False
UAL	United Airlines Holdings	reports	Industrials	Airlines	Chicago, Illinois	03.09.15	100517.0	1967	True	False	False
UDR	UDR, Inc.	reports	Real Estate	Residential REITs	Highlands Ranch, Colorado	07.03.16	74208.0	1972	True	False	False
UHS	Universal Health Services	reports	Health Care	Health Care Facilities	King of Prussia, Pennsylvania	20.09.14	352915.0	1979	True	False	False
ULTA	Ulta Beauty	reports	Consumer Discretionary	Specialty Stores	Bolingbrook, Illinois	18.04.16	1403568.0	1990	True	True	False
UNH	United Health Group Inc.	reports	Health Care	Managed Health Care	Minnetonka, Minnesota	01.07.94	731766.0	1977	True	False	True
UNM	Unum Group	reports	Financials	Life & Health Insurance	Chattanooga, Tennessee	01.03.94	5513.0	1999	True	False	False
UNP	Union Pacific Corp	reports	Industrials	Railroads	Omaha, Nebraska	04.03.57	100885.0	1862	True	False	False
UPS	United Parcel Service	reports	Industrials	Air Freight & Logistics	Atlanta, Georgia	22.07.02	1090727.0	1907	True	False	False
URI	United Rentals, Inc.	reports	Industrials	Trading Companies & Distributors	Stamford, Connecticut	20.09.14	1067701.0	1997	True	False	False
USB	U.S. Bancorp	reports	Financials	Diversified Banks	Minneapolis, Minnesota		36104.0	1968	True	False	False
V	Visa Inc.	reports	Information Technology	Data Processing & Outsourced Services	San Francisco, California	21.12.09	1403161.0	1958	True	False	True
VAR	Varian Medical Systems	reports	Health Care	Health Care Equipment	Palo Alto, California	12.02.07	203527.0	1948	True	False	False
VFC	VF Corporation	reports	Consumer Discretionary	Apparel, Accessories & Luxury Goods	Greensboro, North Carolina	30.06.79	103379.0	1899	True	False	False
VIAC	ViacomCBS	reports	Communication Services	Movies & Entertainment	New York, New York		1339947.0	1952	True	False	False
VLO	Valero Energy	reports	Energy	Oil & Gas Refining & Marketing	San Antonio, Texas		1035002.0	1980	True	False	False
VMC	Vulcan Materials	reports	Materials	Construction Materials	Birmingham, Alabama	30.06.99	1396009.0	1909	True	False	False
VNO	Vornado Realty Trust	reports	Real Estate	Office REITs	New York, New York		899689.0	1982	True	False	False
VRSK	Verisk Analytics	reports	Industrials	Research & Consulting Services	Jersey City, New Jersey	08.10.15	1442145.0	1971	True	True	False
VRSN	Verisign Inc.	reports	Information Technology	Internet Services & Infrastructure	Dulles, Virginia	01.02.06	1014473.0	1995	True	True	False
VRTX	Vertex Pharmaceuticals Inc	reports	Health Care	Biotechnology	Cambridge, Massachusetts	23.09.13	875320.0	1989	True	True	False
VTR	Ventas Inc	reports	Real Estate	Health Care REITs	Chicago, Illinois	04.03.09	740260.0	1998	True	False	False
VZ	Verizon Communications	reports	Communication Services	Integrated Telecommunication Services	New York, New York	30.11.83	732712.0	1877	True	False	True
WAB	Wabtec Corporation	reports	Industrials	Construction Machinery & Heavy Trucks	Wilmerding, Pennsylvania	27.02.19	943452.0	1869	True	False	False
WAT	Waters Corporation	reports	Health Care	Health Care Distributors	Milford, Massachusetts		1000697.0	1958	True	False	False
WBA	Walgreens Boots Alliance	reports	Consumer Staples	Drug Retail	Deerfield, Illinois	31.12.79	1618921.0	2014	True	True	True
WDAY	Workday, Inc.								False	True	False
WDC	Western Digital	reports	Information Technology	Technology Hardware, Storage & Peripherals	Irvine, California	01.07.09	106040.0	1970	True	True	False
WEC	WEC Energy Group	reports	Utilities	Electric Utilities	Milwaukee, Wisconsin	31.10.08	783325.0	1896	True	False	False
WELL	Welltower Inc.	reports	Real Estate	Health Care REITs	Toledo, Ohio	30.01.09	766704.0	1970	True	False	False
WFC	Wells Fargo	reports	Financials	Diversified Banks	San Francisco, California	30.06.76	72971.0	1852	True	False	False
WHR	Whirlpool Corp.	reports	Consumer Discretionary	Household Appliances	Benton Harbor, Michigan		106640.0	1911	True	False	False
WLTW	Willis Towers Watson	reports	Financials	Insurance Brokers	London, United Kingdom	05.01.16	1140536.0	2016	True	False	False
WM	Waste Management Inc.	reports	Industrials	Environmental & Facilities Services	Houston, Texas		823768.0	1968	True	False	False
WMB	Williams Companies	reports	Energy	Oil & Gas Storage & Transportation	Tulsa, Oklahoma	31.03.75	107263.0	1908	True	False	False
WMT	Walmart	reports	Consumer Staples	Hypermarkets & Super Centers	Bentonville, Arkansas	31.08.82	104169.0	1962	True	False	True
WRB	W. R. Berkley Corporation	reports	Financials	Property & Casualty Insurance	Greenwich, Connecticut	05.12.19	11544.0	1967	True	False	False
WRK	WestRock	reports	Materials	Paper Packaging	Richmond, Virginia		1636023.0	2015	True	False	False
WST	West Pharmaceutical Services	reports	Health Care	Health Care Supplies	Exton, Pennsylvania	22.05.20	105770.0	1923	True	False	False
WU	Western Union Co	reports	Information Technology	Data Processing & Outsourced Services	Englewood, Colorado	29.09.06	1365135.0	1851	True	False	False
WY	Weyerhaeuser	reports	Real Estate	Specialized REITs	Federal Way, Washington		106535.0	1900	True	False	False
WYNN	Wynn Resorts Ltd	reports	Consumer Discretionary	Casinos & Gaming	Paradise, Nevada	14.11.08	1174922.0	2002	True	False	False
XEL	Xcel Energy Inc	reports	Utilities	Multi-Utilities	Minneapolis, Minnesota	04.03.57	72903.0	1909	True	True	False
XLNX	Xilinx	reports	Information Technology	Semiconductors	San Jose, California	08.11.99	743988.0	1984	True	True	False
XOM	Exxon Mobil Corp.	reports	Energy	Integrated Oil & Gas	Irving, Texas	04.03.57	34088.0	1999	True	False	True
XRAY	Dentsply Sirona	reports	Health Care	Health Care Supplies	Charlotte, North Carolina	14.11.08	818479.0		True	False	False
XRX	Xerox	reports	Information Technology	Technology Hardware, Storage & Peripherals	Norwalk, Connecticut		108772.0	1906	True	False	False
XYL	Xylem Inc.	reports	Industrials	Industrial Machinery	White Plains, New York	01.11.11	1524472.0	2011	True	False	False
YUM	Yum! Brands Inc	reports	Consumer Discretionary	Restaurants	Louisville, Kentucky	06.10.97	1041061.0	1997	True	False	False
ZBH	Zimmer Biomet Holdings	reports	Health Care	Health Care Equipment	Warsaw, Indiana	07.08.01	1136869.0	1927	True	False	False
ZBRA	Zebra Technologies	reports	Information Technology	Electronic Equipment & Instruments	Lincolnshire, Illinois	23.12.19	877212.0	1969	True	False	False
ZION	Zions Bancorp	reports	Financials	Regional Banks	Salt Lake City, Utah	22.06.01	109380.0	1873	True	False	False
ZM	Zoom Video Communications								False	True	False
ZTS	Zoetis	reports	Health Care	Pharmaceuticals	Florham Park, New Jersey	21.06.13	1555280.0	1952	True	False	False
